"team","id","name","photo_url","position","evaluation"
"palmeiras","dudu","Dudu","https://s.glbimg.com/es/sde/f/2017/04/18/5268d6ef98c67a25b1dabf90d489a37f_80x80.png","ATA","1"
"palmeiras","lucas-lima","Lucas Lima","https://s.glbimg.com/es/sde/f/2018/03/01/8596087ee3b876941e59b282b29cfcb2_80x80.png","MEC","1"
"palmeiras","jailson","Jailson","https://s.glbimg.com/es/sde/f/2017/04/18/63a42550ea5f70d0bbc92287dd6ac259_80x80.png","GOL","2"
"palmeiras","marcos-rocha","Marcos Rocha","https://s.glbimg.com/es/sde/f/2018/01/30/edb0d67e60d39d102b52517058ff4227_80x80.jpeg","LAD","2"
"palmeiras","victor-luis","Victor Luis","https://s.glbimg.com/es/sde/f/2018/03/01/1bfd94d7a93e4d5f7f21981109f79c87_80x80.png","LAE","2"
"palmeiras","diogo-barbosa","Diogo Barbosa","https://s.glbimg.com/es/sde/f/2018/03/01/0548d1925fd96270e520ea3b69e42e7b_80x80.png","LAE","2"
"palmeiras","antonio-carlos","Antônio Carlos ","https://s.glbimg.com/es/sde/f/2017/04/18/5b3fcb4c6c1625d8e38d933619f9e42a_80x80.png","ZAD","2"
"palmeiras","moises","Moisés","https://s.glbimg.com/es/sde/f/2017/04/18/a2b616905dc5f0c3eddcfafd4814e2d9_80x80.png","MEC","2"
"palmeiras","felipe-melo","Felipe Melo","https://s.glbimg.com/es/sde/f/2017/04/18/d1031b5a0a0783e2fc55c0668ef4d8de_80x80.png","VOL","2"
"palmeiras","borja","Borja","https://s.glbimg.com/es/sde/f/2017/04/23/4b0f5cd460ee874344bfbfd4e3eef9a6_80x80.png","ATA","2"
"palmeiras","willian","Willian","https://s.glbimg.com/es/sde/f/2017/04/18/8ce197bf5176cc970a5782466268bd80_80x80.png","ATA","2"
"palmeiras","fernando-prass","Fernando Prass","https://s.glbimg.com/es/sde/f/2016/05/01/493488441bb751ad5dbdb042a318599f_80x80.png","GOL","3"
"palmeiras","weverton","Weverton","https://s.glbimg.com/es/sde/f/2018/03/01/1b14659ebbd67b4f5e8df68d552f08f5_80x80.png","GOL","3"
"palmeiras","thiago-martins","Thiago Martins","https://s.glbimg.com/es/sde/f/2018/03/01/7d136da5ad6a68f1279a5a3bc3c16615_80x80.png","ZAD","3"
"palmeiras","edu-dracena","Edu Dracena","https://s.glbimg.com/es/sde/f/2017/04/18/68cf33625460a96d2a432f93ecc21db5_80x80.png","ZAD","3"
"palmeiras","bruno-henrique","Bruno Henrique","https://s.glbimg.com/es/sde/f/2017/09/04/f252554797209a70ab4bd0e0cf7e8692_80x80.jpeg","VOL","3"
"palmeiras","tche-tche","Tchê Tchê","https://s.glbimg.com/es/sde/f/2016/05/20/2b96e76d6b1e3f8fc29f37d9dfe90206_80x80.jpeg","VOL","3"
"palmeiras","thiago-santos","Thiago Santos","https://s.glbimg.com/es/sde/f/2017/04/18/2d51cc56ccd1291d116060e00ca663b6_80x80.png","VOL","3"
"palmeiras","keno","Keno","https://s.glbimg.com/es/sde/f/2017/04/18/ab0e22f1ff91a12ce2e88a367450bf03_80x80.png","ATA","3"
"palmeiras","mayke","Mayke","https://s.glbimg.com/es/sde/f/2017/05/19/0c4040195eb2210f37198e62876f4dc1_80x80.png","LAD","4"
"palmeiras","luan","Luan","https://s.glbimg.com/es/sde/f/2017/04/23/21b43228acd34549ca343f42576f7632_80x80.png","ZAD","4"
"palmeiras","guerra","Guerra","https://s.glbimg.com/es/sde/f/2017/02/19/fa873321a36da270244cf230ac534a50_80x80.png","MEC","4"
"palmeiras","deyverson","Deyverson","https://s.glbimg.com/es/sde/f/2017/09/04/03b2e1a6f53171bc2a6aea4cea393821_80x80.jpeg","ATA","5"
"gremio","luan","Luan","https://s.glbimg.com/es/sde/f/2017/04/23/458569d2d0c260a004befc5988da9350_80x80.png","ATA","1"
"gremio","arthur","Arthur","https://s.glbimg.com/es/sde/f/2017/04/23/ad145ff7dd594174acc3863cb2569b83_80x80.png","VOL","1"
"gremio","pedro-geromel","Pedro Geromel","https://s.glbimg.com/es/sde/f/2017/04/23/e509769d9e394ef42a8681bfdacc8283_80x80.png","ZAD","1"
"gremio","marcelo-grohe","Marcelo Grohe","https://s.glbimg.com/es/sde/f/2017/04/23/33e584cd67faa2ac529fcd131c75ed09_80x80.png","GOL","1"
"gremio","kannemann","Kannemann","https://s.glbimg.com/es/sde/f/2017/04/23/42279ad5c60655b3336944e26189eda5_80x80.png","ZAD","2"
"gremio","maicon","Maicon","https://s.glbimg.com/es/sde/f/2017/04/23/2d7990dd22103819070a18092e4a35b7_80x80.png","VOL","2"
"gremio","everton","Everton","https://s.glbimg.com/es/sde/f/2017/04/23/f8b4218756c0dc59793c36159228a00f_80x80.png","ATA","2"
"gremio","andre","André","https://s.glbimg.com/es/sde/f/2018/03/26/6b3009f67bc00fc3c783c397b4cbbdc9_80x80.png","ATA","2"
"gremio","ramiro","Ramiro","https://s.glbimg.com/es/sde/f/2017/04/23/01565939c1e8813f9c1cc7cf9faeb903_80x80.png","VOL","3"
"gremio","alisson","Alisson","https://s.glbimg.com/es/sde/f/2018/01/12/027101f3c08e72cf83c362b982c78f49_80x80.png","MEC","3"
"gremio","jailson","Jailson","https://s.glbimg.com/es/sde/f/2017/04/23/bbc1e20f5a841fe3d2fc8cbf1553e368_80x80.png","VOL","3"
"gremio","paulo-victor","Paulo Victor","https://s.glbimg.com/es/sde/f/2017/07/19/429e3fc1b0f671fe9b25019c5f735f67_80x80.png","GOL","4"
"gremio","bressan","Bressan","https://s.glbimg.com/es/sde/f/2017/04/23/06d46a41c53307f20ca424fbe4e9bf64_80x80.png","ZAD","4"
"gremio","leo-moura","Léo Moura","https://s.glbimg.com/es/sde/f/2017/04/23/7277c35fed3ff5f997fbf230b96586e4_80x80.png","LAD","4"
"gremio","bruno-cortez","Bruno Cortez","https://s.glbimg.com/es/sde/f/2017/04/23/6917817dc16511add10913a87474f1f7_80x80.png","LAE","4"
"gremio","madson","Madson","https://s.glbimg.com/es/sde/f/2018/01/12/41002dccf69a0ebd70ec9aa20cc20919_80x80.png","LAD","4"
"gremio","michel","Michel ","https://s.glbimg.com/es/sde/f/2017/04/23/555af733f4228e215781ed3d2cd99c56_80x80.png","VOL","4"
"gremio","cicero","Cícero","https://s.glbimg.com/es/sde/f/2018/02/07/2579c294b6dea3b9b44c1e0ddbe0a64f_80x80.jpeg","MEC","4"
"gremio","thonny-anderson","Thonny Anderson","https://s.glbimg.com/es/sde/f/2018/04/09/91b61a14df4512fe1db6fd9a9dbd5ebd_80x80.png","MEC","4"
"gremio","hernane","Hernane","https://s.glbimg.com/es/sde/f/2018/03/25/dd9ea56235c4560ee7a1b057397c6134_80x80.png","ATA","4"
"gremio","jael","Jael","https://s.glbimg.com/es/sde/f/2017/04/23/585f69babcaf14c7eaf22537e3c5338c_80x80.png","ATA","4"
"gremio","marcelo-oliveira","Marcelo Oliveira","https://s.glbimg.com/es/sde/f/2016/04/30/401897dab69a776fef1185ec3ba1b85f_80x80.png","LAE","5"
"gremio","paulo-miranda","Paulo Miranda","https://s.glbimg.com/es/sde/f/2011/08/14/7022e0e5e15ad7911141a46c0de5c8ff_80x80.jpeg","ZAD","5"
"cruzeiro","fabio","Fábio","https://s.glbimg.com/es/sde/f/2017/04/05/8723e1fa0950cb91f4b5c39409f23d85_80x80.png","GOL","1"
"cruzeiro","rafael","Rafael","https://s.glbimg.com/es/sde/f/2016/04/29/43e8562bfd0ac31a9d9fd5bd5f87aee8_80x80.png","GOL","3"
"cruzeiro","edilson","Edílson","https://s.glbimg.com/es/sde/f/2018/03/20/8bfba60975f0fbad8d9932b7f4fc39d1_80x80.png","LAD","3"
"cruzeiro","ezequiel","Ezequiel ","https://s.glbimg.com/es/sde/f/2017/04/23/059f269b9ef5b88550eb9899af203b7b_80x80.png","LAD","4"
"cruzeiro","egidio","Egídio","https://s.glbimg.com/es/sde/f/2018/03/20/e6c3059f14e524e15524f9afcdb72548_80x80.png","LAE","3"
"cruzeiro","marcelo-hermes","Marcelo Hermes","https://s.glbimg.com/es/sde/f/2018/03/20/1c20a3fec008eb9f29cc1994843f06f2_80x80.png","LAE","4"
"cruzeiro","dede","Dedé","https://s.glbimg.com/es/sde/f/2017/04/05/526dd85f05139f739aca91b753b00ec9_80x80.png","ZAD","2"
"cruzeiro","leo","Léo","https://s.glbimg.com/es/sde/f/2016/04/29/442f1e513bf554cc4cbcce5ae7ace03b_80x80.png","ZAE","3"
"cruzeiro","murilo","Murilo","https://s.glbimg.com/es/sde/f/2017/04/06/ac1485f2fbd995b94c3544520d1ebdd8_80x80.png","ZAD","3"
"cruzeiro","manoel","Manoel","https://s.glbimg.com/es/sde/f/2016/04/29/34d00289aba9d71e705b5b7a470861b8_80x80.png","ZAD","3"
"cruzeiro","henrique","Henrique","https://s.glbimg.com/es/sde/f/2016/04/29/3ee91a269e77c0defb08f1fee38c0aff_80x80.png","VOL","3"
"cruzeiro","ariel-cabral","Ariel Cabral","https://s.glbimg.com/es/sde/f/2017/04/22/6b0dea43cdbaa38c369c09b3e7b75700_80x80.png","VOL","3"
"cruzeiro","lucas-romero","Lucas Romero","https://s.glbimg.com/es/sde/f/2017/04/22/b6fe7636fd7cb1575efdcbdfbd2dbd54_80x80.png","VOL","3"
"cruzeiro","bruno-silva","Bruno Silva","https://s.glbimg.com/es/sde/f/2018/01/12/9fa1b8a7e9c259b09518c7f6def8f2ab_80x80.png","VOL","5"
"cruzeiro","robinho","Robinho","https://s.glbimg.com/es/sde/f/2016/05/12/bca701933eaad8640785a2a634d5edf4_80x80.png","MEC","2"
"cruzeiro","mancuello","Mancuello","https://s.glbimg.com/es/sde/f/2018/03/20/a7053c4a56edad347c74f10b59091214_80x80.png","MEC","3"
"cruzeiro","thiago-neves","Thiago Neves","https://s.glbimg.com/es/sde/f/2017/02/19/6bb6e70216d205ad23e44268eba27692_80x80.png","MEC","1"
"cruzeiro","arrascaeta","Arrascaeta","https://s.glbimg.com/es/sde/f/2017/04/05/c7a931941057f3ba5a13209ed19a41f1_80x80.png","MEC","2"
"cruzeiro","rafinha","Rafinha","https://s.glbimg.com/es/sde/f/2017/04/22/b38b67b4598e604b5f9219b7e65d47d7_80x80.png","MEC","3"
"cruzeiro","rafael-sobis","Rafael Sobis","https://s.glbimg.com/es/sde/f/2016/07/06/9f448978203e98dc8d4f57f547ed8a44_80x80.png","ATA","5"
"cruzeiro","raniel","Raniel","https://s.glbimg.com/es/sde/f/2017/04/06/b362899a01b537ee09468f95d34f40f7_80x80.png","ATA","3"
"cruzeiro","sassa","Sassá","https://s.glbimg.com/es/sde/f/2017/06/22/e7d5b223d7908854c81e04f0e7e0fcc0_80x80.png","ATA","3"
"cruzeiro","digao","Digão","https://s.glbimg.com/es/sde/f/2017/08/10/45b089a35e467b5f5cc0a9d46a380b7a_80x80.png","ZAD","4"
"corinthians","cassio","Cássio","https://s.glbimg.com/es/sde/f/2018/03/19/dbcf7ccb715fd30000de63618da5c89b_80x80.png","GOL","1"
"corinthians","rodriguinho","Rodriguinho","https://s.glbimg.com/es/sde/f/2018/03/20/c125fa08820e1bbf4a2640e7108b05d2_80x80.png","MEC","1"
"corinthians","jadson","Jadson","https://s.glbimg.com/es/sde/f/2018/03/20/6abc8106b7c4341690dfaa6a5f4fbfdb_80x80.png","MEC","2"
"corinthians","fagner","Fagner","https://s.glbimg.com/es/sde/f/2018/03/19/528856fa71a532f9c34d6147c18a41cf_80x80.png","LAD","2"
"corinthians","pedrinho","Pedrinho","https://s.glbimg.com/es/sde/f/2018/03/20/647d2f9294de7cfe0e135b44beacdfa9_80x80.png","MEC","3"
"corinthians","henrique","Henrique","https://s.glbimg.com/es/sde/f/2018/03/20/8fc5425796ec6ab741dfe1de895adb4b_80x80.png","ZAE","3"
"corinthians","balbuena","Balbuena","https://s.glbimg.com/es/sde/f/2018/03/19/8391694cbff5bcefdd87bc85cc615423_80x80.png","ZAD","2"
"corinthians","maycon","Maycon","https://s.glbimg.com/es/sde/f/2018/03/20/d19a9c4b9d3ba05a024d7f2db30a1583_80x80.png","VOL","3"
"corinthians","gabriel","Gabriel","https://s.glbimg.com/es/sde/f/2018/03/20/f7f3ef2aa7e013b4bf918f93353c9027_80x80.png","VOL","3"
"corinthians","ralf","Ralf","https://s.glbimg.com/es/sde/f/2018/03/20/8642b2d09ae09e94e978e70d01b2cb69_80x80.png","VOL","3"
"corinthians","danilo","Danilo","https://s.glbimg.com/es/sde/f/2018/03/19/1f0051211ca9ceda30ab8fde3573c5b4_80x80.png","MEC","4"
"corinthians","mateus-vital","Mateus Vital","https://s.glbimg.com/es/sde/f/2018/03/20/737d7c44d8457c420b7d44f962dc43a2_80x80.png","MEC","3"
"corinthians","marquinhos-gabriel","Marquinhos Gabriel","https://s.glbimg.com/es/sde/f/2018/03/20/e4194c2bbdf34fa12da281428a823667_80x80.png","MEC","4"
"corinthians","clayson","Clayson","https://s.glbimg.com/es/sde/f/2018/03/19/8d90e0a2771563f6cb02d576edbed6ed_80x80.png","ATA","3"
"corinthians","emerson-sheik","Emerson Sheik","https://s.glbimg.com/es/sde/f/2018/03/20/ee5515039eef72f54101762640fb53f5_80x80.png","ATA","3"
"corinthians","sidcley","Sidcley","https://s.glbimg.com/es/sde/f/2018/03/23/9db2d3b03abd4966fab935ec9672a2f8_80x80.png","LAE","3"
"corinthians","rene-junior","Renê Júnior","https://s.glbimg.com/es/sde/f/2018/03/20/8b306efa7463aa34e658516c465f664e_80x80.png","VOL","3"
"corinthians","angel-romero","Ángel Romero","https://s.glbimg.com/es/sde/f/2018/03/20/292916e18c1ce65fc08c89adaf9bc787_80x80.png","ATA","3"
"corinthians","pedro-henrique","Pedro Henrique","https://s.glbimg.com/es/sde/f/2018/03/20/8fd39c1e3c30b0a5e0900d4c03b66984_80x80.png","ZAD","4"
"corinthians","matheus-matias","Matheus Matias","https://s.glbimg.com/es/sde/f/2018/03/20/eb73de7fb8328542fb0438fdd1809c4b_80x80.png","ATA","4"
"corinthians","juninho-capixaba","Juninho Capixaba","https://s.glbimg.com/es/sde/f/2018/03/20/8f8212f9c28a01b34b99705103fa08d8_80x80.png","LAE","5"
"corinthians","junior-dutra","Júnior Dutra","https://s.glbimg.com/es/sde/f/2018/03/20/c8437e142fdd78fc9a58612ecb464b3f_80x80.png","ATA","5"
"corinthians","kazim","Kazim","https://s.glbimg.com/es/sde/f/2018/03/20/2b1aef192298682a8f7aafb1efaf4147_80x80.png","ATA","6"
"flamengo","paolo-guerrero","Paolo Guerrero","https://s.glbimg.com/es/sde/f/2017/08/16/aec506211b5663eb0569825b5aee6db6_80x80.jpeg","ATA","1"
"flamengo","diego","Diego","https://s.glbimg.com/es/sde/f/2017/08/16/3ba372d90926f839c71eb2bf7160fc95_80x80.jpeg","MEC","2"
"flamengo","vinicius-junior","Vinicius Junior","https://s.glbimg.com/es/sde/f/2017/08/22/0d561ddc8dda735fc3ab96a8866e90d0_80x80.jpeg","ATA","2"
"flamengo","juan","Juan","https://s.glbimg.com/es/sde/f/2017/08/16/8083bd36b95c924dc4cf0341e39d22e4_80x80.jpeg","ZAE","2"
"flamengo","lucas-paqueta","Lucas Paquetá","https://s.glbimg.com/es/sde/f/2017/08/22/b377d3036c1d03d40bafc65a9773ddc4_80x80.jpeg","MEC","2"
"flamengo","rever","Réver","https://s.glbimg.com/es/sde/f/2017/08/16/85d20e5a1ac2e527a5eca70e709f7b10_80x80.jpeg","ZAD","3"
"flamengo","everton-ribeiro","Éverton Ribeiro","https://s.glbimg.com/es/sde/f/2017/06/24/7deee286983361a4845652b6c39be834_80x80.png","MEC","3"
"flamengo","diego-alves","Diego Alves","https://s.glbimg.com/es/sde/f/2018/03/17/067bb395e6a319c1b315da82d992c4f6_80x80.png","GOL","2"
"flamengo","rhodolfo","Rhodolfo","https://s.glbimg.com/es/sde/f/2017/06/20/fa889cb0da25023565bc57fe3fa29fde_80x80.png","ZAE","3"
"flamengo","henrique-dourado","Henrique Dourado","https://s.glbimg.com/es/sde/f/2018/03/08/5d6a3a7c40bbf9f4d07b75169fc9be0f_80x80.png","ATA","3"
"flamengo","cuellar","Cuéllar","https://s.glbimg.com/es/sde/f/2017/08/16/47b4cc4af08862b4cf6685d475edd618_80x80.jpeg","VOL","3"
"flamengo","cesar","César","https://s.glbimg.com/es/sde/f/2017/04/24/8a28cbc657b6535a81d1cbad583afa48_80x80.png","GOL","4"
"flamengo","geuvanio","Geuvânio","https://s.glbimg.com/es/sde/f/2017/08/19/6ed768c25192e0409297a3bc10cc1eca_80x80.png","ATA","4"
"flamengo","marlos","Marlos","https://s.glbimg.com/es/sde/f/2018/03/24/1f32f4ee7772ddc25dde8057615c658f_80x80.png","ATA","4"
"flamengo","para","Pará","https://s.glbimg.com/es/sde/f/2017/08/16/2215936db5460baf89bb165cdfc691b4_80x80.jpeg","LAD","4"
"flamengo","rodinei","Rodinei","https://s.glbimg.com/es/sde/f/2017/08/22/3d68a6ab1db666a905e96248e4bcd4d9_80x80.jpeg","LAD","4"
"flamengo","willian-arao","Willian Arão","https://s.glbimg.com/es/sde/f/2017/08/22/283b47a1bbb66d81e0b2118ce53853f1_80x80.jpeg","VOL","5"
"flamengo","rene","Renê","https://s.glbimg.com/es/sde/f/2017/08/22/99c083a6ab42125b85a679e552eea687_80x80.jpeg","LAE","5"
"flamengo","trauco","Trauco","https://s.glbimg.com/es/sde/f/2017/08/22/c4c0a5b479bb7a6641f7182c7000df82_80x80.jpeg","LAE","5"
"flamengo","everton","Everton","https://s.glbimg.com/es/sde/f/2017/08/16/eea748e91cc2c7fcc14df5b06906b1e1_80x80.jpeg","MEC","2"
"flamengo","berrio","Berrío ","https://s.glbimg.com/es/sde/f/2017/08/16/8f979b78f3df5801a77118cd72b411c6_80x80.jpeg","ATA","4"
"flamengo","jonas","Jonas","https://s.glbimg.com/es/sde/f/2018/03/23/b1dff93baf0e7bbccc6e54768a31ed68_80x80.png","VOL","4"
"santos","vanderlei","Vanderlei","https://s.glbimg.com/es/sde/f/2016/05/01/82e0b04b2f7623a1d61ffaff2e36a59c_80x80.png","GOL","1"
"santos","gabriel","Gabriel","https://s.glbimg.com/es/sde/f/2016/05/01/1483ff1b3cb82fa23bc8625656564b18_80x80.png","ATA","2"
"santos","bruno-henrique","Bruno Henrique","https://s.glbimg.com/es/sde/f/2017/02/19/6fc23a37c23198ad6b9da39da99ad82b_80x80.png","ATA","2"
"santos","victor-ferraz","Victor Ferraz","https://s.glbimg.com/es/sde/f/2016/05/01/58576d141c8216fac9dedb1df391d5e8_80x80.png","LAD","3"
"santos","dodo","Dodô","https://s.glbimg.com/es/sde/f/2018/03/21/651f1bf4b51db0c365f67cbdc4d37b19_80x80.png","LAE","3"
"santos","lucas-verissimo","Lucas Veríssimo","https://s.glbimg.com/es/sde/f/2017/05/02/0198bbb1258bc8a618b6ef67781a60a6_80x80.png","ZAD","3"
"santos","david-braz","David Braz","https://s.glbimg.com/es/sde/f/2017/05/02/7e17e0feab3ee583c5049f63df2c2771_80x80.png","ZAD","3"
"santos","alison","Alison","https://s.glbimg.com/es/sde/f/2016/05/01/5cbe20aa51d06aff64b21ed5d19bf070_80x80.png","VOL","3"
"santos","renato","Renato","https://s.glbimg.com/es/sde/f/2017/05/02/ce9c1e5d21a2efec50dbdc2870d5a8c9_80x80.png","VOL","3"
"santos","rodrygo","Rodrygo","https://s.glbimg.com/es/sde/f/2017/11/01/b8128d3d5db5325dc238cadc67c28342_80x80.png","ATA","3"
"santos","eduardo-sasha","Eduardo Sasha","https://s.glbimg.com/es/sde/f/2018/03/21/dabe2b4a217de06ee78763efe55de2f0_80x80.png","ATA","3"
"santos","vladimir","Vladimir","https://s.glbimg.com/es/sde/f/2016/05/01/961c8216a0f294aa3cfbee03eaa996db_80x80.png","GOL","4"
"santos","daniel-guedes","Daniel Guedes ","https://s.glbimg.com/es/sde/f/2017/05/02/700b428f14849c2f8f5eb9286d7adf03_80x80.png","LAD","4"
"santos","gustavo-henrique","Gustavo Henrique","https://s.glbimg.com/es/sde/f/2017/05/02/ebaacf4dc046774b9b9f3003c35ba254_80x80.png","ZAD","4"
"santos","luiz-felipe","Luiz Felipe","https://s.glbimg.com/es/sde/f/2017/05/02/3b3fe001039a93d9ea75e58f817381cf_80x80.png","ZAD","4"
"santos","vecchio","Vecchio","https://s.glbimg.com/es/sde/f/2016/06/28/b28314056abc5bb43d464ba66e1d0552_80x80.jpeg","MEC","4"
"santos","leo-cittadini","Léo Cittadini","https://s.glbimg.com/es/sde/f/2017/05/02/6694b4703f10f789b166d7ca4f6f764e_80x80.png","MEC","4"
"santos","jean-mota","Jean Mota","https://s.glbimg.com/es/sde/f/2017/05/02/6f250e3510eb4a5cf33223d20befd72c_80x80.png","MEC","4"
"santos","vitor-bueno","Vitor Bueno","https://s.glbimg.com/es/sde/f/2016/05/01/6a51ac71a5e8a928c9cf1b71c2db243b_80x80.png","MEC","4"
"santos","diogo-vitor","Diogo Vitor","https://s.glbimg.com/es/sde/f/2018/03/21/bd6ee23c30357b96cfd95842c9fb06e3_80x80.jpeg","ATA","4"
"santos","arthur-gomes","Arthur Gomes","https://s.glbimg.com/es/sde/f/2017/05/02/0dce55b5ca74aab8f37b77c936bdc107_80x80.png","ATA","4"
"santos","caju","Caju","https://s.glbimg.com/es/sde/f/2016/05/01/54af0c3c3d1522543c64c18ca5a50a22_80x80.png","LAE","5"
"santos","copete","Copete","https://s.glbimg.com/es/sde/f/2017/05/02/38284b2eba393aa675069aff35def330_80x80.png","ATA","5"
"atletico-mg","victor","Victor","https://s.glbimg.com/es/sde/f/2017/04/03/444816970098790387faf6c2c5c0444f_80x80.png","GOL","1"
"atletico-mg","cleiton","Cleiton","https://s.glbimg.com/es/sde/f/2017/04/03/ef54b93128f4d412c55c7cd27c83323b_80x80.png","GOL","4"
"atletico-mg","patric","Patric","https://s.glbimg.com/es/sde/f/2018/03/20/4865bc3b05a4eda4bbc4fd74238ab6a4_80x80.png","LAD","5"
"atletico-mg","samuel-xavier","Samuel Xavier","https://s.glbimg.com/es/sde/f/2018/03/20/e5e73b264ec674ff095855be3bf9a152_80x80.png","LAD","6"
"atletico-mg","fabio-santos","Fábio Santos","https://s.glbimg.com/es/sde/f/2017/04/03/513ae4d7abe5f2024ee9a5cfa9c87bd4_80x80.png","LAE","3"
"atletico-mg","danilo-barcelos","Danilo Barcelos","https://s.glbimg.com/es/sde/f/2018/03/20/db741625f3ee67a90f6966faa875dd66_80x80.png","LAE","4"
"atletico-mg","leonardo-silva","Leonardo Silva","https://s.glbimg.com/es/sde/f/2017/04/03/d52533a1acf6457724394d769b43771f_80x80.png","ZAE","3"
"atletico-mg","gabriel","Gabriel","https://s.glbimg.com/es/sde/f/2017/04/03/2f4037ee6c2ce20e96ff5cb1f6db210f_80x80.png","ZAD","3"
"atletico-mg","iago-maidana","Iago Maidana","https://s.glbimg.com/es/sde/f/2018/03/20/080ee1951f38a0381e5eccc11b1256cb_80x80.png","ZAD","4"
"atletico-mg","bremer","Bremer","https://s.glbimg.com/es/sde/f/2017/07/05/3cdbb709a4c4b26a7debd8d34ab4d855_80x80.png","ZAD","4"
"atletico-mg","adilson","Adilson","https://s.glbimg.com/es/sde/f/2017/04/03/8a5b4672974501d33850ca575e0f117c_80x80.png","VOL","3"
"atletico-mg","elias","Elias","https://s.glbimg.com/es/sde/f/2017/04/03/9fbc7e32d0d9db7b948212b98c23212a_80x80.png","VOL","3"
"atletico-mg","gustavo-blanco","Gustavo Blanco","https://s.glbimg.com/es/sde/f/2017/07/04/bdab16330aca79897bf4fa25fd8d7eaf_80x80.jpeg","MEC","4"
"atletico-mg","arouca","Arouca","https://s.glbimg.com/es/sde/f/2018/03/20/68ec2d32eb7682f94494c4ee2cc01766_80x80.png","VOL","4"
"atletico-mg","yago","Yago","https://s.glbimg.com/es/sde/f/2017/04/03/bd1a20fcc43bf36e13dd321aa526e278_80x80.png","VOL","4"
"atletico-mg","cazares","Cazares","https://s.glbimg.com/es/sde/f/2017/04/03/6ccb564ce56c9f6aad79040ab5f8f570_80x80.png","MEC","2"
"atletico-mg","otero","Otero","https://s.glbimg.com/es/sde/f/2017/04/03/9fe40eece7847c6e2d8feca1248f43a9_80x80.png","MEC","2"
"atletico-mg","luan","Luan","https://s.glbimg.com/es/sde/f/2017/04/03/5472237b431bf42b1ce79273d48c8e2f_80x80.png","ATA","2"
"atletico-mg","tomas-andrade","Tomás Andrade","https://s.glbimg.com/es/sde/f/2018/03/20/3713f34bd7438d3e7c84de0f426fe826_80x80.png","MEC","4"
"atletico-mg","roger-guedes","Róger Guedes","https://s.glbimg.com/es/sde/f/2018/03/20/75c54272e675d64530aeb9cb60976572_80x80.png","ATA","4"
"atletico-mg","erik","Erik","https://s.glbimg.com/es/sde/f/2018/03/20/09a462d5c0759d7a0970b83c37640c63_80x80.png","ATA","4"
"atletico-mg","ricardo-oliveira","Ricardo Oliveira","https://s.glbimg.com/es/sde/f/2018/03/20/08e587e5b70fbd4605dddaf9aaae5281_80x80.png","ATA","2"
"atletico-mg","carlos","Carlos","https://s.glbimg.com/es/sde/f/2018/03/20/338b563f51b8c2eb19bd4bfaf237a8cb_80x80.png","ATA","5"
"sao-paulo","cueva","Cueva","https://s.glbimg.com/es/sde/f/2017/08/24/9ea34016bae7f001bbb849c8d907c1f4_80x80.png","MEC","2"
"sao-paulo","jucilei","Jucilei","https://s.glbimg.com/es/sde/f/2017/04/25/a6c1399add6e3c7d17ad9a708974cd21_80x80.png","VOL","2"
"sao-paulo","diego-souza","Diego Souza","https://s.glbimg.com/es/sde/f/2018/03/11/2190ebb7a39928f348b04acb3c4ee9e7_80x80.png","MEC","2"
"sao-paulo","anderson-martins","Anderson Martins","https://s.glbimg.com/es/sde/f/2018/03/11/52e391e51311c7369cb27a17c9399207_80x80.png","ZAE","3"
"sao-paulo","arboleda","Arboleda","https://s.glbimg.com/es/sde/f/2018/03/11/850c8b93c9700970ec1d30ac9c8107da_80x80.png","ZAD","3"
"sao-paulo","rodrigo-caio","Rodrigo Caio","https://s.glbimg.com/es/sde/f/2016/05/01/76c4acf534a1a01c922cb927acebb6e7_80x80.png","ZAE","3"
"sao-paulo","reinaldo","Reinaldo","https://s.glbimg.com/es/sde/f/2018/03/11/d003cdfe10ec42f489d233308e6e8f67_80x80.png","LAE","3"
"sao-paulo","liziero","Liziero","https://s.glbimg.com/es/sde/f/2018/03/21/c9490fb8f5f9e2b6b63777b7c80b170e_80x80.png","LAE","3"
"sao-paulo","marcos-guilherme","Marcos Guilherme ","https://s.glbimg.com/es/sde/f/2017/07/26/d3484768bc48ad214ba1ea35149b30ba_80x80.png","ATA","3"
"sao-paulo","trellez","Tréllez","https://s.glbimg.com/es/sde/f/2018/03/11/d5b5b6a89764a87e0a097fe2b1db36a8_80x80.png","ATA","3"
"sao-paulo","jean","Jean","https://s.glbimg.com/es/sde/f/2018/03/11/1a43920af3ea4ad2f189d77f6480d4ec_80x80.png","GOL","4"
"sao-paulo","sidao","Sidão","https://s.glbimg.com/es/sde/f/2017/04/25/6b33818b6514572559c1fef9b6ca9686_80x80.png","GOL","4"
"sao-paulo","eder-militao","Éder Militão","https://s.glbimg.com/es/sde/f/2017/05/04/a8a8f4eb8075ba4ad4fde3d5d0d6f996_80x80.png","LAD","4"
"sao-paulo","bruno-alves","Bruno Alves","https://s.glbimg.com/es/sde/f/2017/08/23/21ca677e7d6a57d1dfb2b66e74d782f4_80x80.png","ZAD","4"
"sao-paulo","hudson","Hudson","https://s.glbimg.com/es/sde/f/2018/01/12/4dcb779ba72ed335cc606e62151d6a8e_80x80.png","VOL","4"
"sao-paulo","petros","Petros","https://s.glbimg.com/es/sde/f/2017/07/26/76e3ac62bea2e73cc7ef41c4584caa71_80x80.png","VOL","4"
"sao-paulo","lucas-fernandes","Lucas Fernandes","https://s.glbimg.com/es/sde/f/2016/05/01/0a47d84040286532fb5d90cc746b49b3_80x80.png","MEC","4"
"sao-paulo","brenner","Brenner","https://s.glbimg.com/es/sde/f/2018/03/11/773b4a6a965c0fdb7e72df3b40611801_80x80.png","ATA","4"
"sao-paulo","bruno","Bruno","https://s.glbimg.com/es/sde/f/2016/05/01/d2edee13739b924fb1847c5369f28455_80x80.png","LAD","5"
"sao-paulo","edimar","Edimar","https://s.glbimg.com/es/sde/f/2017/04/25/0991c88dd099660fdb7cfc88a4bedab1_80x80.png","LAE","5"
"sao-paulo","junior-tavares","Júnior Tavares","https://s.glbimg.com/es/sde/f/2017/02/09/25d0a51f886e8f5b2db83e4bea6a4e20_80x80.png","LAE","5"
"sao-paulo","nene","Nenê","https://s.glbimg.com/es/sde/f/2018/03/11/aa91f2ba09caaa98df783cd528f1955a_80x80.png","MEC","2"
"sao-paulo","valdivia","Valdívia","https://s.glbimg.com/es/sde/f/2018/03/11/5521e335c416889f2e4648069c23c539_80x80.png","MEC","3"
"internacional","dalessandro","D'Alessandro","https://s.glbimg.com/es/sde/f/2018/03/21/3a5a3365b94f222144190fe55a5d56f7_80x80.png","MEC","2"
"internacional","william-pottker","William Pottker","https://s.glbimg.com/es/sde/f/2018/03/21/5d038c0be778b33ae562af433858b98e_80x80.png","ATA","2"
"internacional","danilo-fernandes","Danilo Fernandes","https://s.glbimg.com/es/sde/f/2018/03/21/25b646d396bfff181bea7aa8bd8d7ec6_80x80.png","GOL","2"
"internacional","rodrigo-dourado","Rodrigo Dourado","https://s.glbimg.com/es/sde/f/2018/03/21/5632d043c10aca938337148b4d85a025_80x80.png","VOL","3"
"internacional","marcelo-lomba","Marcelo Lomba","https://s.glbimg.com/es/sde/f/2018/03/21/2b90f6c1ed2ddf530483f7cd5f3e69c3_80x80.png","GOL","3"
"internacional","iago","Iago","https://s.glbimg.com/es/sde/f/2018/03/20/d2095ea9014e5b1eaa77febf6c13551a_80x80.png","LAE","3"
"internacional","victor-cuesta","Víctor Cuesta","https://s.glbimg.com/es/sde/f/2018/03/21/0d1c5caa8a5e98fb5f33a81e51e7f9cf_80x80.png","ZAD","3"
"internacional","leandro-damiao","Leandro Damião","https://s.glbimg.com/es/sde/f/2018/03/21/8faba325b36afdba302d2c42815e1341_80x80.png","ATA","3"
"internacional","nico-lopez","Nico López","https://s.glbimg.com/es/sde/f/2016/07/23/237be6493558caa36f59b3a768f45110_80x80.png","ATA","3"
"internacional","edenilson","Edenílson","https://s.glbimg.com/es/sde/f/2018/03/21/e00fa0b2de811276790bf22be1bc2856_80x80.png","VOL","3"
"internacional","danilo-silva","Danilo Silva","https://s.glbimg.com/es/sde/f/2018/03/21/d28677bad19ffa6135d2ba945879bdc9_80x80.png","ZAD","4"
"internacional","klaus","Klaus","https://s.glbimg.com/es/sde/f/2018/03/21/8e2c7653a76089dfa1976f35fba5a366_80x80.png","ZAD","4"
"internacional","rodrigo-moledo","Rodrigo Moledo","https://s.glbimg.com/es/sde/f/2018/03/20/e5bb6257009bf74098a367b4c1b9e53d_80x80.png","ZAD","4"
"internacional","fabiano","Fabiano","https://s.glbimg.com/es/sde/f/2018/03/21/80a060ad2737a4abce46a048d853c93e_80x80.png","LAD","4"
"internacional","charles","Charles","https://s.glbimg.com/es/sde/f/2018/03/21/4fb572a9b65493cdc2446624f6decea0_80x80.png","VOL","4"
"internacional","gabriel-dias","Gabriel Dias","https://s.glbimg.com/es/sde/f/2018/03/21/f2565e5a194c31991cd73a15df4c265c_80x80.png","VOL","4"
"internacional","juan-alano","Juan Alano","https://s.glbimg.com/es/sde/f/2018/03/21/6c02d5d2beaac6213fced83b4af93382_80x80.png","MEC","4"
"internacional","wellington-silva","Wellington Silva","https://s.glbimg.com/es/sde/f/2018/03/21/04a36d78c7213de4af558d5daa870b58_80x80.png","ATA","4"
"internacional","roger","Roger","https://s.glbimg.com/es/sde/f/2018/03/21/c43294c72156bf8371d29376b41a920d_80x80.png","ATA","4"
"internacional","marcinho","Marcinho","https://s.glbimg.com/es/sde/f/2018/03/20/532665347a7913a7f894a907db465d1d_80x80.png","ATA","4"
"internacional","rossi","Rossi","https://s.glbimg.com/es/sde/f/2018/03/21/ffe95cb4c3f0bed01a941972e52ec9ed_80x80.png","ATA","4"
"internacional","camilo","Camilo","https://s.glbimg.com/es/sde/f/2018/03/21/92d5e1b1fded8a18a9a0cb8508b73c91_80x80.png","MEC","5"
"internacional","uendel","Uendel","https://s.glbimg.com/es/sde/f/2018/03/21/ba4b7ceba076b4c25c2fec17439e694d_80x80.png","LAE","3"
"vasco","martin-silva","Martín Silva","https://s.glbimg.com/es/sde/f/2018/03/20/a4706459f1694acbd1b67ed9617e309e_80x80.png","GOL","2"
"vasco","paulinho","Paulinho","https://s.glbimg.com/es/sde/f/2018/02/04/759ecb29dae8efcf1a5dd350b0c3bfb0_80x80.png","ATA","2"
"vasco","desabato","Desábato","https://s.glbimg.com/es/sde/f/2018/02/04/a6ef9f43253bb55d8c56d13d920f6724_80x80.png","VOL","3"
"vasco","yago-pikachu","Yago Pikachu","https://s.glbimg.com/es/sde/f/2018/02/07/74d355ae95a5ef403da34026a07b216b_80x80.png","LAD","3"
"vasco","ramon","Ramon","https://s.glbimg.com/es/sde/f/2017/07/27/0d5457a07c57dd1908db4421fa48b276_80x80.png","LAE","3"
"vasco","henrique","Henrique","https://s.glbimg.com/es/sde/f/2018/03/20/9e4915b69b8138eb305c87d73553d18f_80x80.png","LAE","3"
"vasco","wagner","Wagner","https://s.glbimg.com/es/sde/f/2018/03/20/8d0fc53ac4dbf25ee745d9d6af54fdc2_80x80.png","MEC","3"
"vasco","giovanni-augusto","Giovanni Augusto","https://s.glbimg.com/es/sde/f/2018/03/20/1befd58db4917ee8cc46d66348cd931b_80x80.png","MEC","3"
"vasco","thiago-galhardo","Thiago Galhardo","https://s.glbimg.com/es/sde/f/2018/02/04/4c23a3cfce9b9bc8ce51ac6495022bcb_80x80.png","MEC","3"
"vasco","rildo","Rildo","https://s.glbimg.com/es/sde/f/2018/02/04/493c5282d7770d2efb8bc2c7b823ed66_80x80.png","ATA","3"
"vasco","kelvin","Kelvin","https://s.glbimg.com/es/sde/f/2018/03/20/ce27034d4fd8068f72bbf69792b0ad46_80x80.png","ATA","4"
"vasco","evander","Evander","https://s.glbimg.com/es/sde/f/2018/02/04/95cd20657b8232591b9113049e1c7444_80x80.png","MEC","3"
"vasco","ricardo","Ricardo","https://s.glbimg.com/es/sde/f/2018/02/04/34a6af2426b08a511cac102edf3b4225_80x80.png","ZAD","4"
"vasco","breno","Breno","https://s.glbimg.com/es/sde/f/2018/03/20/23c1a26d0f818241f5d088e0e62fd496_80x80.png","ZAD","4"
"vasco","erazo","Erazo","https://s.glbimg.com/es/sde/f/2018/02/04/baf7ad69394c71b9f70036f0eeac4766_80x80.png","ZAE","4"
"vasco","werley","Werley","https://s.glbimg.com/es/sde/f/2018/02/04/b5dd2b3b4b9a5b15195949d398210076_80x80.png","ZAD","4"
"vasco","fabricio","Fabrício","https://s.glbimg.com/es/sde/f/2018/02/04/eb87b2b5b194325e9c50a9e22142f38b_80x80.png","LAE","4"
"vasco","wellington","Wellington","https://s.glbimg.com/es/sde/f/2018/03/20/b93199b14af84df531b91abc1cf464c4_80x80.png","VOL","4"
"vasco","bruno-silva","Bruno Silva","https://s.glbimg.com/es/sde/f/2018/03/28/93f9f54e0ede6173392919dd979e7f50_80x80.png","VOL","4"
"vasco","riascos","Riascos","https://s.glbimg.com/es/sde/f/2018/02/04/b06f4e2930f0f875b19394a1630fb7ac_80x80.png","ATA","4"
"vasco","andres-rios","Andrés Ríos","https://s.glbimg.com/es/sde/f/2018/03/20/0070abfca21cd3ea44323e188bfc6b57_80x80.png","ATA","4"
"vasco","rafael-galhardo","Rafael Galhardo","https://s.glbimg.com/es/sde/f/2018/02/04/bf4247f1030e79d4dc7203ebc27a420e_80x80.png","LAD","5"
"vasco","paulao","Paulão","https://s.glbimg.com/es/sde/f/2018/03/20/6f03cbade216edcc37684fe3b6a11a01_80x80.png","ZAD","6"
"botafogo","jefferson","Jefferson","https://s.glbimg.com/es/sde/f/2016/05/20/27326ea71a4a3d4cde252b5498024a60_80x80.png","GOL","2"
"botafogo","gatito-fernandez","Gatito Fernández","https://s.glbimg.com/es/sde/f/2017/04/17/f87ed5808d28ef2d0446cae72617f143_80x80.png","GOL","1"
"botafogo","moises","Moisés","https://s.glbimg.com/es/sde/f/2018/03/20/54a51f5d3bd850ab8a76126ee75399ed_80x80.png","LAE","3"
"botafogo","joel-carli","Joel Carli","https://s.glbimg.com/es/sde/f/2016/05/20/6a298f9b1dd5a88146f9f926e4b91a1b_80x80.png","ZAD","3"
"botafogo","igor-rabello","Igor Rabello","https://s.glbimg.com/es/sde/f/2016/05/20/45658f95ac34e82da4d58cf9c77f2587_80x80.png","ZAD","3"
"botafogo","luiz-fernando","Luiz Fernando ","https://s.glbimg.com/es/sde/f/2018/03/20/ebae95a9689f94cf75c80c795d4864f0_80x80.png","MEC","3"
"botafogo","rodrigo-lindoso","Rodrigo Lindoso","https://s.glbimg.com/es/sde/f/2017/04/18/57ab5f981f4355a82d3d2f15ed01eb8e_80x80.png","VOL","3"
"botafogo","matheus-fernandes","Matheus Fernandes","https://s.glbimg.com/es/sde/f/2017/04/18/f7747c09eac1f0aee06f02c37fa257b6_80x80.png","VOL","4"
"botafogo","renatinho","Renatinho","https://s.glbimg.com/es/sde/f/2018/03/20/612e75f9bc41ddd0a161e522aaee90ef_80x80.png","MEC","3"
"botafogo","brenner","Brenner","https://s.glbimg.com/es/sde/f/2017/07/21/eba301f5c887ff5cf7a3f94b5f6eb918_80x80.png","ATA","4"
"botafogo","leandrinho","Leandrinho","https://s.glbimg.com/es/sde/f/2016/05/20/5f4b91fa5fbbd56dc1f2fe3f094cbb22_80x80.png","MEC","4"
"botafogo","marcelo-benevenuto","Marcelo Benevenuto","https://s.glbimg.com/es/sde/f/2017/04/18/bcd7b8ce7931a3995c1ac8aaacd657b5_80x80.png","ZAD","4"
"botafogo","leonardo-valencia","Leonardo Valencia","https://s.glbimg.com/es/sde/f/2017/08/07/5da8e09b912f3d4e02c70571d9de8988_80x80.png","MEC","4"
"botafogo","marcos-vinicius","Marcos Vinícius","https://s.glbimg.com/es/sde/f/2017/07/14/dc2cc428ed447e7b65ffc2a9b54c02e8_80x80.png","MEC","4"
"botafogo","yago","Yago","https://s.glbimg.com/es/sde/f/2018/03/20/13d6ab565918a4bad475a1569e05162d_80x80.png","ZAD","4"
"botafogo","marcelo","Marcelo","https://s.glbimg.com/es/sde/f/2018/03/20/05f475c48e922f2e6d24615603f85935_80x80.png","VOL","4"
"botafogo","luis-ricardo","Luis Ricardo","https://s.glbimg.com/es/sde/f/2016/05/20/f1f631c4c995df1548717967d445801f_80x80.png","LAD","4"
"botafogo","rodrigo-pimpao","Rodrigo Pimpão","https://s.glbimg.com/es/sde/f/2017/04/18/054a14cdfbb6abbdb2c8a8a75f0a9ee1_80x80.png","ATA","5"
"botafogo","marcinho","Marcinho","https://s.glbimg.com/es/sde/f/2017/04/18/82f4f9a2d122680dcc40e55727214711_80x80.png","LAD","6"
"botafogo","gilson","Gilson","https://s.glbimg.com/es/sde/f/2017/04/17/41717887cc5c81bcd28ad1df6829c7e6_80x80.png","LAE","6"
"botafogo","dudu-cearense","Dudu Cearense","https://s.glbimg.com/es/sde/f/2016/06/28/2b7b2415b00931bc7ebe03b683cd03be_80x80.jpeg","VOL","4"
"botafogo","aguirre","Aguirre","https://s.glbimg.com/es/sde/f/2018/03/20/9cd75343345103675cac81ed0919a099_80x80.png","ATA","3"
"botafogo","kieza","Kieza","https://s.glbimg.com/es/sde/f/2018/03/20/f5b2dcceef9857c0dab3479a2ec2d946_80x80.png","ATA","3"
"fluminense","sornoza","Sornoza","https://s.glbimg.com/es/sde/f/2018/01/21/40443f559baf2dd666bfa225dc23f634_80x80.png","MEC","2"
"fluminense","ayrton-lucas","Ayrton Lucas","https://s.glbimg.com/es/sde/f/2018/01/24/d014e65ab8d78668e270fb0df555b349_80x80.png","LAE","2"
"fluminense","gum","Gum","https://s.glbimg.com/es/sde/f/2018/01/21/fad3eca69c2c4704602fb3e8c9aa074f_80x80.png","ZAD","3"
"fluminense","ibanez","Ibañez","https://s.glbimg.com/es/sde/f/2018/01/21/193ce33b1f28109a8704a7f03d46e383_80x80.png","ZAD","3"
"fluminense","gilberto","Gilberto ","https://s.glbimg.com/es/sde/f/2018/01/21/d231b19c8df41a4d02546bee8dad040b_80x80.png","LAD","3"
"fluminense","douglas","Douglas","https://s.glbimg.com/es/sde/f/2018/01/21/23fa033a58dbb6b9c2500f5a80893009_80x80.png","VOL","3"
"fluminense","jadson","Jadson","https://s.glbimg.com/es/sde/f/2018/01/21/0c060ebb8aea4462398eb955f393f2b5_80x80.png","VOL","3"
"fluminense","marcos-junior","Marcos Junior","https://s.glbimg.com/es/sde/f/2018/01/21/9e2b3f7cad84245a7922f06c4731bcc0_80x80.png","ATA","3"
"fluminense","pedro","Pedro","https://s.glbimg.com/es/sde/f/2018/01/21/8a0f5cf3775be841f66c7bbb1bdf14d1_80x80.png","ATA","3"
"fluminense","richard","Richard","https://s.glbimg.com/es/sde/f/2018/01/21/c57275a8854ebd5c8d269324beb31795_80x80.png","VOL","4"
"fluminense","julio-cesar","Júlio César","https://s.glbimg.com/es/sde/f/2018/01/21/b7eff1a065e603cf19f456fc255eb017_80x80.png","GOL","4"
"fluminense","rodolfo","Rodolfo","https://s.glbimg.com/es/sde/f/2018/03/19/53d593b1f30b40291234148691e0d365_80x80.png","GOL","4"
"fluminense","reginaldo","Reginaldo","https://s.glbimg.com/es/sde/f/2018/01/21/7d819b2cefbfa9765b479b452f54c29c_80x80.png","ZAD","4"
"fluminense","leo","Léo","https://s.glbimg.com/es/sde/f/2018/03/20/32e84c4039d121a904d169b4a6a4ad1d_80x80.png","LAD","4"
"fluminense","marlon","Marlon","https://s.glbimg.com/es/sde/f/2018/01/21/cc9726998e1bf1bc65797443168ed6fa_80x80.png","LAE","4"
"fluminense","airton","Airton","https://s.glbimg.com/es/sde/f/2018/01/21/140f763b85870cfc801ceae1684e7032_80x80.png","VOL","4"
"fluminense","mateus-norton","Mateus Norton","https://s.glbimg.com/es/sde/f/2018/01/21/6a83ede2333fa478dd22dbe2987af761_80x80.png","VOL","4"
"fluminense","luquinhas","Luquinhas","https://s.glbimg.com/es/sde/f/2018/01/21/29ca7d168bbbd6d61c274533c87e3d69_80x80.png","MEC","4"
"fluminense","matheus-alessandro","Matheus Alessandro","https://s.glbimg.com/es/sde/f/2018/01/21/f1a8247584e6de66830dfae65015e441_80x80.png","ATA","4"
"fluminense","pablo-dyego","Pablo Dyego","https://s.glbimg.com/es/sde/f/2018/01/21/438b2556ee9ffdf26099d9eb3ecbe28a_80x80.png","ATA","4"
"fluminense","robinho","Robinho","https://s.glbimg.com/es/sde/f/2018/01/21/ac8f06a9d45f96345acfd30da3069fb8_80x80.png","ATA","4"
"fluminense","marlon-freitas","Marlon Freitas","https://s.glbimg.com/es/sde/f/2018/01/21/4015897789c8763b1c508adcdbfdabe7_80x80.png","VOL","5"
"fluminense","renato-chaves","Renato Chaves","https://s.glbimg.com/es/sde/f/2018/01/21/71897950622a7c7260a587b71229a2ee_80x80.png","ZAD","6"
"chapecoense","canteros","Canteros","https://s.glbimg.com/es/sde/f/2017/08/26/8b500e8c0826bd7c342137f3449ddb7d_80x80.png","VOL","3"
"chapecoense","jandrei","Jandrei","https://s.glbimg.com/es/sde/f/2017/05/04/e34c217d3230604bddf15c133fde3fd2_80x80.png","GOL","3"
"chapecoense","apodi","Apodi","https://s.glbimg.com/es/sde/f/2017/04/24/287a66acd6363a7d660701c832982d75_80x80.png","LAD","3"
"chapecoense","bruno-pacheco","Bruno Pacheco","https://s.glbimg.com/es/sde/f/2018/03/02/53732593d2691734cd2a2fa6ae7f16a9_80x80.png","LAE","3"
"chapecoense","fabricio-bruno","Fabrício Bruno","https://s.glbimg.com/es/sde/f/2017/04/24/c4a8873e3ad989db3e40b7149ed51789_80x80.png","ZAD","3"
"chapecoense","douglas","Douglas","https://s.glbimg.com/es/sde/f/2017/09/06/6035aba70a37b419f328746b48c3bc46_80x80.png","ZAD","3"
"chapecoense","amaral","Amaral","https://s.glbimg.com/es/sde/f/2017/05/08/d967be031145a156a67e168aaeecb1fa_80x80.png","VOL","3"
"chapecoense","marcio-araujo","Márcio Araújo","https://s.glbimg.com/es/sde/f/2018/03/02/e9caaeeaca6f6814e4b5092423294e48_80x80.png","VOL","4"
"chapecoense","luiz-antonio","Luiz Antonio ","https://s.glbimg.com/es/sde/f/2017/04/24/470fd6292588f4385e9c32a3aeef091c_80x80.png","VOL","4"
"chapecoense","wellington-paulista","Wellington Paulista","https://s.glbimg.com/es/sde/f/2017/04/25/063a393c23a936c42fa8d9c6ee455747_80x80.png","ATA","3"
"chapecoense","guilherme","Guilherme","https://s.glbimg.com/es/sde/f/2018/03/07/2c34315dfa746e02e2fa9f8a74e1dc81_80x80.png","ATA","3"
"chapecoense","elias","Elias","https://s.glbimg.com/es/sde/f/2017/04/24/d39a7668ae872daf6e04f923e0d16a54_80x80.png","GOL","4"
"chapecoense","eduardo","Eduardo","https://s.glbimg.com/es/sde/f/2018/03/02/ba7873a63732d2a0a49ccd7fe5d47b5c_80x80.png","LAD","5"
"chapecoense","vinicius-freitas","Vinícius Freitas","https://s.glbimg.com/es/sde/f/2018/03/02/3a7c7444601af167011a0fbe974ab8d6_80x80.png","LAE","4"
"chapecoense","nery-bareiro","Nery Bareiro","https://s.glbimg.com/es/sde/f/2018/03/02/1735f09fc73e180baab6c1cde6826333_80x80.png","ZAE","4"
"chapecoense","elicarlos","Elicarlos","https://s.glbimg.com/es/sde/f/2018/03/02/d21178976a5547f864a98aa5cdd36dc9_80x80.png","VOL","4"
"chapecoense","alan-ruschel","Alan Ruschel","https://s.glbimg.com/es/sde/f/2017/04/24/5445b9aabe74f7acf2c52104cb6270ff_80x80.png","MEC","4"
"chapecoense","nadson","Nadson","https://s.glbimg.com/es/sde/f/2017/04/25/9c0263cf980f89da4cca8b6bc120585f_80x80.png","MEC","5"
"chapecoense","arthur","Arthur ","https://s.glbimg.com/es/sde/f/2017/04/24/56939ae4c18f332e1a3bb20305de4f33_80x80.png","ATA","4"
"chapecoense","vinicius","Vinicius","https://s.glbimg.com/es/sde/f/2018/03/02/d00026e6cf3c0dd54238f97ea84534ae_80x80.png","ATA","4"
"chapecoense","osman","Osman","https://s.glbimg.com/es/sde/f/2017/04/25/f608122b61891f2ab13ba0015367cfb5_80x80.png","ATA","4"
"chapecoense","rafael-thyere","Rafael Thyere","https://s.glbimg.com/es/sde/f/2018/03/02/32cdd642c6459675c398aebd6ba1ded7_80x80.png","ZAD","4"
"chapecoense","bruno-silva","Bruno Silva","https://s.glbimg.com/es/sde/f/2018/03/02/d15483608e6f05065a8e72ee83a57e45_80x80.png","ATA","4"
"bahia","ze-rafael","Zé Rafael ","https://s.glbimg.com/es/sde/f/2018/03/21/acf001c5ce22adb010ecee52e482fd0e_80x80.png","MEC","2"
"bahia","vinicius","Vinícius","https://s.glbimg.com/es/sde/f/2018/03/21/ee24f88a02643b2d857cc1e13777af46_80x80.png","MEC","3"
"bahia","edigar-junio","Edigar Junio","https://s.glbimg.com/es/sde/f/2018/03/21/9c46c9f1269d97acf20157efb70009cc_80x80.png","ATA","3"
"bahia","gregore","Gregore","https://s.glbimg.com/es/sde/f/2018/03/21/af5416a241ee4e356e66f4cd9d36df1a_80x80.png","VOL","3"
"bahia","regis","Régis","https://s.glbimg.com/es/sde/f/2018/03/21/8756ffae33e39b861390d0b59d5ada2d_80x80.png","MEC","3"
"bahia","leo","Léo","https://s.glbimg.com/es/sde/f/2018/03/21/c6572fbc65cb9ee9ad6f2d3e068ccbd1_80x80.png","LAE","3"
"bahia","douglas-friedrich","Douglas Friedrich","https://s.glbimg.com/es/sde/f/2018/03/21/15b72082b742339f200d4b222e477ffd_80x80.png","GOL","4"
"bahia","rafael-santos","Rafael Santos","https://s.glbimg.com/es/sde/f/2018/03/21/80fd4eca3b2a1dfe1827e3e4c3879a11_80x80.png","GOL","4"
"bahia","anderson","Anderson","https://s.glbimg.com/es/sde/f/2018/03/21/a86272bc4c138764ec439dd44ecf8dbd_80x80.png","GOL","4"
"bahia","nino-paraiba","Nino Paraíba","https://s.glbimg.com/es/sde/f/2018/03/21/fc1ac9c9e8610dee38297f2e0bdcd275_80x80.png","LAD","3"
"bahia","tiago","Tiago ","https://s.glbimg.com/es/sde/f/2018/03/21/d0b3cd897f4a410323886fb6d92bd822_80x80.png","ZAD","4"
"bahia","lucas-fonseca","Lucas Fonseca","https://s.glbimg.com/es/sde/f/2018/03/21/5c1c52f3afc41a4404dd7b1c888f2124_80x80.png","ZAD","4"
"bahia","douglas-grolli","Douglas Grolli","https://s.glbimg.com/es/sde/f/2018/03/21/ea4ba4bd9ed18698a6dad571dfdddbf9_80x80.png","ZAD","3"
"bahia","edson","Edson","https://s.glbimg.com/es/sde/f/2018/03/21/4e079be2718f82735191cef518c39bb2_80x80.png","VOL","4"
"bahia","elton","Elton","https://s.glbimg.com/es/sde/f/2018/03/21/3c546811d33f612cacba3bdc1dace452_80x80.png","VOL","4"
"bahia","marco-antonio","Marco Antônio","https://s.glbimg.com/es/sde/f/2018/03/21/5bea6fd938bc4b34ea0ba52b788b8b3a_80x80.png","MEC","4"
"bahia","nilton","Nilton","https://s.glbimg.com/es/sde/f/2018/03/21/138ff55a4e1498ee45e7daf2e1dbc2cc_80x80.png","VOL","4"
"bahia","allione","Allione","https://s.glbimg.com/es/sde/f/2018/03/21/3c614f3fa77de55748fa8ddfdef2eecc_80x80.png","MEC","4"
"bahia","junior-brumado","Júnior Brumado","https://s.glbimg.com/es/sde/f/2018/03/21/bd18849356245d84cf422f076a8f1cdf_80x80.png","ATA","4"
"bahia","rodrigo-becao","Rodrigo Becão","https://s.glbimg.com/es/sde/f/2018/03/21/60864cfda78d6abb071556d2dc9ddf33_80x80.png","ZAD","4"
"bahia","mena","Mena","https://s.glbimg.com/es/sde/f/2018/03/21/9fbac764cee8990a10c184a750c868cd_80x80.png","LAE","4"
"bahia","elber","Élber","https://s.glbimg.com/es/sde/f/2018/03/21/1b00098477bad4e60d3bc520dc464ab7_80x80.png","MEC","6"
"bahia","kayke","Kayke","https://s.glbimg.com/es/sde/f/2018/03/21/c1647634cd1be0db834cb736dd2296de_80x80.png","ATA","6"
"atletico-pr","santos","Santos","https://s.glbimg.com/es/sde/f/2017/04/23/27e1cdc40e6cfe45b59a89f20a9a2b4f_80x80.png","GOL","3"
"atletico-pr","felipe-alves","Felipe Alves","https://s.glbimg.com/es/sde/f/2018/03/01/a4001473c0c581b61769bb3db00efcaa_80x80.png","GOL","4"
"atletico-pr","paulo-andre","Paulo André","https://s.glbimg.com/es/sde/f/2018/03/01/b7709326554a84fe9ce4ce6243d3be27_80x80.png","ZAD","3"
"atletico-pr","thiago-heleno","Thiago Heleno","https://s.glbimg.com/es/sde/f/2018/03/01/db4db4f56d8eb08a1b14d7d283c884e6_80x80.png","ZAE","3"
"atletico-pr","wanderson","Wanderson","https://s.glbimg.com/es/sde/f/2017/04/23/3914af8715466d38cf77d94b2c5c5685_80x80.png","ZAD","4"
"atletico-pr","ze-ivaldo","Zé Ivaldo","https://s.glbimg.com/es/sde/f/2018/03/01/b984cfe3c5aef05cca4e8856a06ad317_80x80.png","ZAD","4"
"atletico-pr","jonathan","Jonathan","https://s.glbimg.com/es/sde/f/2018/03/01/fe3cd425e203e34aaf34a6ac98ffc4af_80x80.png","LAD","3"
"atletico-pr","thiago-carleto","Thiago Carleto","https://s.glbimg.com/es/sde/f/2018/03/01/c5b5d602b0e56ba728e728a7256ce180_80x80.png","LAE","3"
"atletico-pr","pavez","Pavez","https://s.glbimg.com/es/sde/f/2018/03/01/f06d28d32ef04ad8803fc57fe0d565e7_80x80.png","VOL","4"
"atletico-pr","matheus-rossetto","Matheus Rossetto","https://s.glbimg.com/es/sde/f/2017/04/23/c091af2e156b654e15abd7e687d0aeb2_80x80.png","VOL","4"
"atletico-pr","lucho-gonzalez","Lucho González","https://s.glbimg.com/es/sde/f/2017/04/23/3b471798626f6a04ef3427efb99d1c23_80x80.png","VOL","4"
"atletico-pr","camacho","Camacho","https://s.glbimg.com/es/sde/f/2018/03/01/113fa00f0f462e50c76f0f74fab0f3aa_80x80.png","VOL","4"
"atletico-pr","raphael-veiga","Raphael Veiga","https://s.glbimg.com/es/sde/f/2018/03/07/0c571fd2c2f974277fdbcf85ac2dcc80_80x80.png","MEC","4"
"atletico-pr","nikao","Nikão","https://s.glbimg.com/es/sde/f/2017/04/23/f0381b648963d11c0a911835d6b060da_80x80.png","MEC","5"
"atletico-pr","guilherme","Guilherme","https://s.glbimg.com/es/sde/f/2018/03/01/b1d7b363b4276008f46a4887b87bd5a8_80x80.png","MEC","3"
"atletico-pr","bruno-guimaraes","Bruno Guimarães","https://s.glbimg.com/es/sde/f/2018/03/01/4f1a90d49f776be0832268cf3981570f_80x80.png","VOL","4"
"atletico-pr","joao-pedro","João Pedro","https://s.glbimg.com/es/sde/f/2018/03/07/49b3de820bb1df66e8d548184e778c61_80x80.png","MEC","4"
"atletico-pr","ribamar","Ribamar","https://s.glbimg.com/es/sde/f/2017/07/20/6894ec593555b4c947a6ced0d1bf01c4_80x80.png","ATA","5"
"atletico-pr","ederson","Éderson","https://s.glbimg.com/es/sde/f/2018/03/01/2ef9cc100ce47aba30588d47885223ec_80x80.png","ATA","4"
"atletico-pr","bergson","Bergson","https://s.glbimg.com/es/sde/f/2018/03/01/8027daac99864e85d92bbd292cec641c_80x80.png","ATA","4"
"atletico-pr","marcinho","Marcinho","https://s.glbimg.com/es/sde/f/2018/03/01/0aa7dce50d239b820ad5a5461b488541_80x80.png","ATA","4"
"atletico-pr","pablo","Pablo","https://s.glbimg.com/es/sde/f/2017/04/23/3edce5d707460f97a267436370d60be7_80x80.png","ATA","3"
"atletico-pr","felipe-gedoz","Felipe Gedoz ","https://s.glbimg.com/es/sde/f/2017/04/23/b22d35fda6b1ebe5b12170bfaf1dced7_80x80.png","MEC","4"
"ceara","everson","Éverson","https://s.glbimg.com/es/sde/f/2018/02/28/6f67a80ba6e92a9f10be76328ba32f5c_80x80.png","GOL","3"
"ceara","renan","Renan","https://s.glbimg.com/es/sde/f/2018/02/28/3b06f379f46cdf143d31a7f24a24fb16_80x80.png","GOL","4"
"ceara","pio","Pio","https://s.glbimg.com/es/sde/f/2018/03/15/173ee1c72a77cda508442ef19aff8e22_80x80.png","VOL","4"
"ceara","leandro-silva","Leandro Silva","https://s.glbimg.com/es/sde/f/2018/03/15/23b229a5d69c682d5f2958558ef0da34_80x80.png","LAD","5"
"ceara","ernandes","Ernandes","https://s.glbimg.com/es/sde/f/2018/03/01/a1fac99f61665d003ba57b935365c49a_80x80.png","LAE","4"
"ceara","romario","Romário ","https://s.glbimg.com/es/sde/f/2018/01/12/4a803440ef5215e294da5a1bd20a9ef2_80x80.png","LAE","4"
"ceara","rafael-carioca","Rafael Carioca","https://s.glbimg.com/es/sde/f/2018/03/15/3c82c6126e8d731e3055df81cee8164b_80x80.png","LAE","4"
"ceara","luiz-otavio","Luiz Otávio","https://s.glbimg.com/es/sde/f/2018/03/15/71710b2656e8b5100f2418af3681c1c5_80x80.png","ZAD","3"
"ceara","valdo","Valdo","https://s.glbimg.com/es/sde/f/2018/03/15/6a8b1b281c0ff28c999b40261889b31b_80x80.png","ZAD","4"
"ceara","rafael-pereira","Rafael Pereira","https://s.glbimg.com/es/sde/f/2018/03/15/7627259ae04362786097252b9c1b2a0b_80x80.png","ZAD","4"
"ceara","patrick","Patrick","https://s.glbimg.com/es/sde/f/2018/03/15/71af31760fbb19f7b43c7714bbecd941_80x80.png","ZAD","4"
"ceara","juninho","Juninho","https://s.glbimg.com/es/sde/f/2018/03/01/34ebb436f266413af2ae741c998ec282_80x80.png","VOL","3"
"ceara","pedro-ken","Pedro Ken","https://s.glbimg.com/es/sde/f/2018/03/15/ae88cb5d16e26374f731749575af56a4_80x80.png","VOL","4"
"ceara","raul","Raul","https://s.glbimg.com/es/sde/f/2015/08/25/bd344f2083d946aa34a8013e779ccfe9_80x80.jpeg","VOL","4"
"ceara","richardson","Richardson","https://s.glbimg.com/es/sde/f/2018/03/15/0af208cf6d82ce8f788032087c3d2e19_80x80.png","VOL","3"
"ceara","leandro-canhoto","Leandro Canhoto","https://s.glbimg.com/es/sde/f/2018/03/01/4e144d85d1a5d5081532590cc8ae6160_80x80.png","MEC","4"
"ceara","ricardinho","Ricardinho","https://s.glbimg.com/es/sde/f/2018/03/15/ba1f77e4ae44828776842c90f1e2bdb9_80x80.png","MEC","3"
"ceara","wescley","Wescley","https://s.glbimg.com/es/sde/f/2018/03/15/902c9f1aa1d09884c6bd02cd1bc98e80_80x80.png","MEC","3"
"ceara","arthur","Arthur","https://s.glbimg.com/es/sde/f/2018/03/01/978818110a64bf6ca065f7815566b18f_80x80.png","ATA","2"
"ceara","douglas-coutinho","Douglas Coutinho ","https://s.glbimg.com/es/sde/f/2018/03/01/da47ba5c199a3ad585a9c4ca150150bb_80x80.png","ATA","6"
"ceara","elton","Elton","https://s.glbimg.com/es/sde/f/2018/03/01/a62f2faea0d5716e80a1feefde3a97c2_80x80.png","ATA","4"
"ceara","felipe-azevedo","Felipe Azevedo","https://s.glbimg.com/es/sde/f/2018/03/01/e1d42c19d15d02974d5cd40ea90fe86c_80x80.png","ATA","4"
"ceara","roberto","Roberto","https://s.glbimg.com/es/sde/f/2018/03/15/ca7cc92d303792c8407c8822f0463882_80x80.png","ATA","5"
"america-mg","joao-ricardo","João Ricardo","https://s.glbimg.com/es/sde/f/2018/03/17/8f235fbb0170bc112cf17a2bfaa54499_80x80.png","GOL","2"
"america-mg","fernando-leal","Fernando Leal","https://s.glbimg.com/es/sde/f/2018/03/20/6020709514f63ef3c8e066601ee521fd_80x80.png","GOL","4"
"america-mg","aderlan","Aderlan","https://s.glbimg.com/es/sde/f/2018/03/17/138010c4f380e27d9122f984627b1769_80x80.png","LAD","4"
"america-mg","norberto","Norberto ","https://s.glbimg.com/es/sde/f/2018/03/17/05b05b9b4b348f4aef923ec2152f275e_80x80.png","LAD","3"
"america-mg","carlinhos","Carlinhos","https://s.glbimg.com/es/sde/f/2018/03/17/5ecf7c4819b775697ebc381145f01283_80x80.png","LAE","4"
"america-mg","giovanni","Giovanni","https://s.glbimg.com/es/sde/f/2018/03/20/9553c277fb201f9f309befb27b0c4841_80x80.png","LAE","3"
"america-mg","messias","Messias","https://s.glbimg.com/es/sde/f/2018/03/17/16371bd074e975b7918c2095443865e4_80x80.png","ZAD","3"
"america-mg","rafael-lima","Rafael Lima","https://s.glbimg.com/es/sde/f/2018/03/20/10d52089593cd93bf39b041d2f84a8ed_80x80.png","ZAE","3"
"america-mg","lima","Lima","https://s.glbimg.com/es/sde/f/2018/03/17/3d9ef83a1f78786f2014412ea6d66bc0_80x80.png","ZAE","4"
"america-mg","matheus-ferraz","Matheus Ferraz","https://s.glbimg.com/es/sde/f/2018/03/17/6d461d0451195bc6232d8e0dbd1cc5d8_80x80.png","ZAE","4"
"america-mg","david","David","https://s.glbimg.com/es/sde/f/2018/03/17/5746a81b8edb0b0d8e9f7be41de663d1_80x80.png","VOL","4"
"america-mg","juninho","Juninho","https://s.glbimg.com/es/sde/f/2018/03/17/5ac7a1ff64724f5d36e60c546485f596_80x80.png","VOL","5"
"america-mg","wesley","Wesley","https://s.glbimg.com/es/sde/f/2018/03/17/da3cd31850e8d5668e2a014fbe7847c3_80x80.png","VOL","4"
"america-mg","ze-ricardo","Zé Ricardo","https://s.glbimg.com/es/sde/f/2018/03/17/c4fa59125c92192d3b9cc8e4f1f83c48_80x80.png","VOL","3"
"america-mg","marquinhos","Marquinhos","https://s.glbimg.com/es/sde/f/2018/03/17/0dc321c764f4ca32447947b34c86167f_80x80.png","ATA","5"
"america-mg","matheusinho","Matheusinho","https://s.glbimg.com/es/sde/f/2018/03/17/74df7b312fb6197007e06d6add443fce_80x80.png","MEC","3"
"america-mg","renan-oliveira","Renan Oliveira","https://s.glbimg.com/es/sde/f/2018/03/17/5d1966ddb337e155bf00b90eb080a388_80x80.png","MEC","6"
"america-mg","ruy","Ruy","https://s.glbimg.com/es/sde/f/2018/03/17/e5c923c2884a22666c9fa588105d9986_80x80.png","MEC","4"
"america-mg","serginho","Serginho","https://s.glbimg.com/es/sde/f/2018/03/17/144f983307b6cb40ec9b7a49fd811847_80x80.png","MEC","3"
"america-mg","aylon","Aylon","https://s.glbimg.com/es/sde/f/2018/03/17/126e634285cb02ea065c51098e6404cc_80x80.png","ATA","3"
"america-mg","judivan","Judivan ","https://s.glbimg.com/es/sde/f/2018/03/30/c14127206b6ba0991e38bc6d98f405c4_80x80.png","ATA","4"
"america-mg","luan","Luan","https://s.glbimg.com/es/sde/f/2018/03/17/1f23eed160c1e8ba9d4402d6859d4e72_80x80.png","ATA","6"
"america-mg","rafael-moura","Rafael Moura","https://s.glbimg.com/es/sde/f/2018/03/17/c92fb62fdff92f23d776e13ffe71e713_80x80.png","ATA","5"
"sport","magrao","Magrão","https://s.glbimg.com/es/sde/f/2017/08/30/c7dca7402951841de5cd3c5a531e0cee_80x80.png","GOL","2"
"sport","anselmo","Anselmo","https://s.glbimg.com/es/sde/f/2017/06/06/b2cdf84621178662c029bae611378399_80x80.png","VOL","3"
"sport","marlone","Marlone","https://s.glbimg.com/es/sde/f/2018/03/05/66364f58d0e09be7fe2adb8348d96b77_80x80.png","MEC","3"
"sport","everton-felipe","Everton Felipe","https://s.glbimg.com/es/sde/f/2017/08/30/61e2143d4bf6e2d3ed0ce11f995be203_80x80.png","MEC","3"
"sport","fellipe-bastos","Fellipe Bastos","https://s.glbimg.com/es/sde/f/2018/03/05/105c1b01950d04f72d197c2b080b62c2_80x80.png","VOL","4"
"sport","gabriel","Gabriel","https://s.glbimg.com/es/sde/f/2018/03/05/f361cfc29237775705783a7875f93445_80x80.png","MEC","4"
"sport","agenor","Agenor","https://s.glbimg.com/es/sde/f/2017/08/30/4df3a999db97ae40b152429edc607db4_80x80.png","GOL","4"
"sport","claudio-winck","Claudio Winck","https://s.glbimg.com/es/sde/f/2018/03/23/0cc5c9ef1bb075ee3d9ab25b4d9e6871_80x80.png","LAD","4"
"sport","raul-prata","Raul Prata","https://s.glbimg.com/es/sde/f/2017/05/01/bc801f0b347f5e9b99972901cf4ecefd_80x80.png","LAD","4"
"sport","durval","Durval","https://s.glbimg.com/es/sde/f/2017/08/30/f01a7a8db062d1a1317322f7ca87a782_80x80.png","ZAE","4"
"sport","ernando","Ernando","https://s.glbimg.com/es/sde/f/2018/04/10/ded820338a01a7340f60943816b4b09c_80x80.png","ZAE","4"
"sport","leo-ortiz","Léo Ortiz","https://s.glbimg.com/es/sde/f/2018/03/23/0487d5333c622c87e5ad477567b7ee36_80x80.png","ZAD","4"
"sport","oswaldo-henriquez","Oswaldo Henríquez","https://s.glbimg.com/es/sde/f/2016/05/01/49c33afe8104b8c052fd2c593fca02e5_80x80.png","ZAD","4"
"sport","max","Max","https://s.glbimg.com/es/sde/f/2018/04/04/b5c0b3c551ffdf431ab7814821fa50a1_80x80.png","ZAD","4"
"sport","ferreira","Ferreira","https://s.glbimg.com/es/sde/f/2018/04/11/c0cfb226a81e0e113422502c0d49be91_80x80.png","VOL","4"
"sport","neto-moura","Neto Moura","https://s.glbimg.com/es/sde/f/2016/05/01/60b2f9caebf7a6d399c1ba73dff47b84_80x80.png","VOL","4"
"sport","nonoca","Nonoca","https://s.glbimg.com/es/sde/f/2018/04/09/f994b05e8cd6aee16ab81f7cc4871c16_80x80.png","VOL","4"
"sport","hygor","Hygor","https://s.glbimg.com/es/sde/f/2018/04/10/759a4b22d32d2b49cc98448865f39cca_80x80.png","ATA","4"
"sport","rogerio","Rogério","https://s.glbimg.com/es/sde/f/2016/08/31/6340e77cb18143e838ae03747e59b459_80x80.png","ATA","4"
"sport","felipe-rodrigues","Felipe Rodrigues","https://s.glbimg.com/es/sde/f/2018/03/19/7af29eddabdd91e47887d39a9f3dd16e_80x80.png","LAD","5"
"sport","ronaldo-alves","Ronaldo Alves","https://s.glbimg.com/es/sde/f/2017/08/30/2f2abedd21538d0c8abafce309debab1_80x80.png","ZAD","5"
"sport","sander","Sander","https://s.glbimg.com/es/sde/f/2017/08/30/201f5b3a9c114f0f04655f7ebab2b54e_80x80.png","LAE","5"
"sport","carlos-henrique","Carlos Henrique","https://s.glbimg.com/es/sde/f/2018/04/11/c5d62dd5b6b9dfe745ad7e90d31c53b1_80x80.png","ATA","4"
"vitoria","neilton","Neilton","https://s.glbimg.com/es/sde/f/2018/03/21/a77d395d25e1b65d85306670c5ae5c09_80x80.png","ATA","2"
"vitoria","rhayner","Rhayner","https://s.glbimg.com/es/sde/f/2018/03/21/1c75f0c2bcf179c6d2dbb10dd5f8535f_80x80.png","ATA","3"
"vitoria","willian-farias","Willian Farias","https://s.glbimg.com/es/sde/f/2018/03/21/4447e0929a366fd4391a8f2df378f705_80x80.png","VOL","3"
"vitoria","juninho","Juninho","https://s.glbimg.com/es/sde/f/2018/03/21/a365ec393385db562f884705537218a4_80x80.png","LAE","3"
"vitoria","uillian-correia","Uillian Correia","https://s.glbimg.com/es/sde/f/2018/03/21/540117d8a1c994a105ca9ce63944758d_80x80.png","VOL","3"
"vitoria","yago","Yago","https://s.glbimg.com/es/sde/f/2018/03/21/54d2ff44a32a66affd7636aa9f2ae99f_80x80.png","MEC","3"
"vitoria","bryan","Bryan","https://s.glbimg.com/es/sde/f/2018/03/21/a8f3ed5f7b584d647a494bae8c83e9f0_80x80.png","LAE","3"
"vitoria","jose-welison","José Welison","https://s.glbimg.com/es/sde/f/2018/03/21/9c9486bfe6d550bb373e1eb7553cbd91_80x80.png","VOL","4"
"vitoria","andre-lima","André Lima","https://s.glbimg.com/es/sde/f/2018/03/21/d5bd90b5cbee9c67c4fe5a21cfdfe5f3_80x80.png","ATA","4"
"vitoria","kanu","Kanu","https://s.glbimg.com/es/sde/f/2018/03/21/a2e4671774fb12a3492ed292aad6f617_80x80.png","ZAD","3"
"vitoria","ramon","Ramon","https://s.glbimg.com/es/sde/f/2018/03/21/64085a03b9eafec964b531667b296fe5_80x80.png","ZAD","4"
"vitoria","lucas-marques","Lucas Marques","https://s.glbimg.com/es/sde/f/2018/03/21/8955207aa16c2c8401822064a40b374d_80x80.png","VOL","4"
"vitoria","nickson","Nickson","https://s.glbimg.com/es/sde/f/2018/03/21/adcd09b9b136e70edcb95ab81951f55b_80x80.png","MEC","4"
"vitoria","fillipe-soutto","Fillipe Soutto","https://s.glbimg.com/es/sde/f/2018/03/21/0daa49ddeceb2e945617b2f9a0df22b9_80x80.png","VOL","4"
"vitoria","guilherme-costa","Guilherme Costa","https://s.glbimg.com/es/sde/f/2018/03/21/4f92ef0e30740bc3960607bec48d3c00_80x80.png","MEC","4"
"vitoria","luan","Luan","https://s.glbimg.com/es/sde/f/2018/03/21/83ef91578aeb753c422bae26f9f21207_80x80.png","MEC","4"
"vitoria","denilson","Denilson","https://s.glbimg.com/es/sde/f/2018/03/21/085cf7cf7139dfa78ab20e441ca5614c_80x80.png","ATA","4"
"vitoria","fernando-miguel","Fernando Miguel","https://s.glbimg.com/es/sde/f/2018/03/21/73df753652c3b42691885ccc3ce44f11_80x80.png","GOL","5"
"vitoria","caique","Caíque","https://s.glbimg.com/es/sde/f/2018/03/21/bdbcd1c19e54ffed0f7410911018ef2e_80x80.png","GOL","5"
"vitoria","walisson-maia","Walisson Maia","https://s.glbimg.com/es/sde/f/2018/03/21/24015c9080aa3347098cfb88e90348e8_80x80.png","ZAD","6"
"vitoria","bruno-bispo","Bruno Bispo","https://s.glbimg.com/es/sde/f/2018/03/21/99884c41754fc82c033d202d4decfad3_80x80.png","ZAD","6"
"vitoria","jonatas-belusso","Jonatas Belusso","https://s.glbimg.com/es/sde/f/2018/03/21/155f4a413a5e54cbda24a44dd83b3e7d_80x80.png","ATA","5"
"vitoria","lucas","Lucas","https://s.glbimg.com/es/sde/f/2018/03/21/7a52d3010f3cf77c78569fca03e37727_80x80.png","LAD","5"
"parana","richard","Richard","https://s.glbimg.com/es/sde/f/2018/03/21/dafe5b45d701a96a952c6fb9a210aff9_80x80.png","GOL","3"
"parana","thiago-rodrigues","Thiago Rodrigues","https://s.glbimg.com/es/sde/f/2018/03/21/d825409cc03f8e81e67ec76372f1b206_80x80.png","GOL","5"
"parana","rayan","Rayan","https://s.glbimg.com/es/sde/f/2018/03/21/eafcee785dc021fd8811059271578111_80x80.png","ZAE","4"
"parana","neris","Neris","https://s.glbimg.com/es/sde/f/2018/03/21/4d1c5effb092a5e5b8e386cbd44d4cc5_80x80.png","ZAD","4"
"parana","charles","Charles","https://s.glbimg.com/es/sde/f/2018/03/21/c6be1b00e5922e5a5cb8a8f78031dc24_80x80.png","ZAD","5"
"parana","cleber-reis","Cléber Reis","https://s.glbimg.com/es/sde/f/2018/03/21/61178cc660a68e6ebbdba11105b0ab43_80x80.png","ZAD","4"
"parana","alemao","Alemão","https://s.glbimg.com/es/sde/f/2018/03/21/ecf8e02cb48abb51def8317442e58822_80x80.png","LAD","3"
"parana","junior","Júnior","https://s.glbimg.com/es/sde/f/2018/03/21/6ba58fa136715046b220f0b851bb33bc_80x80.png","LAD","5"
"parana","igor","Igor","https://s.glbimg.com/es/sde/f/2018/03/21/95c075f33312c6b483847dc688deac80_80x80.png","LAE","5"
"parana","mansur","Mansur","https://s.glbimg.com/es/sde/f/2018/03/21/58740180fa39ea528e64aa42ba67215c_80x80.png","LAE","3"
"parana","leandro-vilela","Leandro Vilela","https://s.glbimg.com/es/sde/f/2018/03/21/9a68c6d8db51f7e6b517b1b536fcfece_80x80.png","VOL","4"
"parana","wesley-dias","Wesley Dias","https://s.glbimg.com/es/sde/f/2018/03/21/bd01b16a7f9c3c1d4858cc8ada530b69_80x80.png","VOL","5"
"parana","alex-santana","Alex Santana","https://s.glbimg.com/es/sde/f/2018/03/21/0b541e5882ecfea594b9f526c908601d_80x80.png","MEC","6"
"parana","jhonny-lucas","Jhonny Lucas","https://s.glbimg.com/es/sde/f/2018/03/21/1891e9e504ce289621d56cf6db5ba93d_80x80.png","VOL","4"
"parana","baez","Báez","https://s.glbimg.com/es/sde/f/2018/03/21/9be3f44890b3185c67afbd3e71dd96b2_80x80.png","LAE","5"
"parana","caio-henrique","Caio Henrique","https://s.glbimg.com/es/sde/f/2018/04/03/f6fab9e76abbbfabfc6262864335bd6c_80x80.png","MEC","4"
"parana","carlos-eduardo","Carlos Eduardo","https://s.glbimg.com/es/sde/f/2018/03/21/f5eb1f78647571d7e58db6a03eb7b42f_80x80.png","MEC","3"
"parana","matheus-pereira","Matheus Pereira","https://s.glbimg.com/es/sde/f/2018/03/21/ad408da8f4100c9ef932e2e8a0936c71_80x80.png","MEC","4"
"parana","thiago-santos","Thiago Santos","https://s.glbimg.com/es/sde/f/2018/03/21/bb96e12d42dead8632e9cf0a06183eec_80x80.png","ATA","4"
"parana","diego","Diego","https://s.glbimg.com/es/sde/f/2018/03/21/33da0919d9e2b3d806a65e1b36b5eb10_80x80.png","ATA","5"
"parana","vitor-feijao","Vitor Feijão","https://s.glbimg.com/es/sde/f/2018/03/21/8846f41b2d1509576c92553c947271b8_80x80.png","ATA","4"
"parana","lucas-fernandes","Lucas Fernandes","https://s.glbimg.com/es/sde/f/2018/03/21/4971219d5e41791135191d49d8b2f309_80x80.png","ATA","5"
"parana","luan-viana","Luan Viana","https://s.glbimg.com/es/sde/f/2018/03/21/6531d512f51828ffbedf2dd826d724d3_80x80.png","ATA","4"
